Model,Direction,BLEU,chrF++,BERTScore F1,AfriCOMET-MTL,Perplexity,TTR,Hapax Rate,Avg Sent Len,Inference Time (s),Speed (tok/s)
NLLB-200 (600M Distilled),kik->eng,5.50,27.50,0.7649,0.3086,—,0.2252,0.6423,16.20,80.29,100.66
NLLB-200 (1.3B),kik->eng,3.96,26.77,0.7715,0.3916,—,0.1375,0.6483,26.78,390.14,34.25
NLLB-200 (3.3B),kik->eng,7.28,31.25,0.7768,0.4156,—,0.2232,0.6169,16.82,300.82,27.91
M2M-100 (418M),kik->eng,0.43,10.37,0.6108,-0.2641,—,0.0457,0.4165,25.98,146.47,88.52
Llama 3.1 8B Instruct (zero-shot),kik->eng,2.43,18.24,0.6900,0.1850,—,0.1733,0.6248,17.84,561.65,15.85
Llama 3.1 8B Instruct (3-shot),kik->eng,3.20,19.91,0.7169,0.2205,—,0.2082,0.6092,14.50,477.09,15.17
Gemma 3 4B Instruct (zero-shot),kik->eng,2.15,18.60,0.6945,0.1553,—,0.2162,0.6178,15.74,5986.12,1.31
Gemma 3 4B Instruct (3-shot),kik->eng,2.45,19.56,0.7115,0.2098,—,0.2419,0.6256,14.18,6513.11,1.09
Human Reference,kik->eng,—,—,—,—,—,0.3475,0.6277,11.25,—,—
